FINISH SALES DETAILED REPORT -- COMPANY:SHALINI FASHIONS PVT. LTD.,,,,,,,,
"MARKET : COUNTER  ---  PARTY-WISE , NO. - WISE ,   --  FROM DATE:20/05/15 TO DATE:26/05/15 ",,,,,,,,
SCREEN NAME,PCS,AMOUNT,DATE,RATE,TRANSPORT,L/R NO.,REMARK,SELECT
ANAMIKA,,,,,,,,0
3613,,,,,,,,0
ENTERTAINMENT CATLOG-5,69.00,24150.00,21/05/2015,350.00,N.B.T.LOGISTICS,60195*1,CATLOG SAREE,0
NO. - WISE-SUBTOTAL,69.00,24150.00,21/05/2015,350.00,,,,0
PARTY-SUBTOTAL,69.00,24150.00,21/05/2015,350.00,,,,0
ANAND ENTERPRISE.,,,,,,,,0
3644,,,,,,,,0
CHOICE OF INDIA,26.00,9360.00,22/05/2015,360.00,NEW MALIK TRANSPORT,790974*1,PRINT WORK+BAG PACK,0
PITAMBARI,4.00,1900.00,22/05/2015,475.00,NEW MALIK TRANSPORT,790974*1,PRINT WORK+BAG PACK,0
DREAM LAND,5.00,3475.00,22/05/2015,695.00,NEW MALIK TRANSPORT,790974*1,PRINT WORK+BAG PACK,0
NIGHT BIRD,4.00,2440.00,22/05/2015,610.00,NEW MALIK TRANSPORT,790974*1,PRINT WORK+BAG PACK,0
STYLE MANTRA,32.00,19520.00,22/05/2015,610.00,NEW MALIK TRANSPORT,790974*1,PRINT WORK+BAG PACK,0
NO. - WISE-SUBTOTAL,71.00,36695.00,22/05/2015,516.83,,,,0
PARTY-SUBTOTAL,71.00,36695.00,22/05/2015,516.83,,,,0
ARVIND FASHION,,,,,,,,0
3609,,,,,,,,0
KHUSHI,24.00,7320.00,21/05/2015,305.00,MAA BHAGWATI,215695*1,PRINT WORK,0
NIGHT BIRD,8.00,4880.00,21/05/2015,610.00,MAA BHAGWATI,215695*1,PRINT WORK,0
JANNAT,16.00,4880.00,21/05/2015,305.00,MAA BHAGWATI,215695*1,PRINT WORK,0
GUDIYA RANI,4.00,1480.00,21/05/2015,370.00,MAA BHAGWATI,215695*1,PRINT WORK,0
AMANAT,8.00,3480.00,21/05/2015,435.00,MAA BHAGWATI,215695*1,PRINT WORK,0
SHOBHA,12.00,3660.00,21/05/2015,305.00,MAA BHAGWATI,215695*1,PRINT WORK,0
NO. - WISE-SUBTOTAL,72.00,25700.00,21/05/2015,356.94,,,,0
3619,,,,,,,,0
KHUSHI,22.00,6710.00,21/05/2015,305.00,MAA BHAGWATI,215694*1,PRINT WORK+DYED WORK,0
SHOBHA,14.00,4270.00,21/05/2015,305.00,MAA BHAGWATI,215694*1,PRINT WORK+DYED WORK,0
JANNAT,11.00,3355.00,21/05/2015,305.00,MAA BHAGWATI,215694*1,PRINT WORK+DYED WORK,0
NIGHT BIRD,4.00,2440.00,21/05/2015,610.00,MAA BHAGWATI,215694*1,PRINT WORK+DYED WORK,0
GUDIYA RANI,3.00,1110.00,21/05/2015,370.00,MAA BHAGWATI,215694*1,PRINT WORK+DYED WORK,0
GUNJAN,16.00,6560.00,21/05/2015,410.00,MAA BHAGWATI,215694*1,PRINT WORK+DYED WORK,0
NO. - WISE-SUBTOTAL,70.00,24445.00,21/05/2015,349.21,,,,0
3696,,,,,,,,0
GUNJAN,64.00,26240.00,23/05/2015,410.00,MAA BHAGWATI ONLY,215832*1,DYED WORK,0
NO. - WISE-SUBTOTAL,64.00,26240.00,23/05/2015,410.00,,,,0
3730,,,,,,,,0
KICK   ,18.00,4680.00,25/05/2015,260.00,MAA BHAGWATI ONLY,,PRINT WORK,0
ZAKASH,56.00,15568.00,25/05/2015,278.00,MAA BHAGWATI ONLY,,PRINT WORK,0
NO. - WISE-SUBTOTAL,74.00,20248.00,25/05/2015,273.62,,,,0
PARTY-SUBTOTAL,280.00,96633.00,21/05/2015,345.12,,,,0
BARNWAL BROTHERS,,,,,,,,0
3641,,,,,,,,0
FLORENCE CATLOG,39.00,14235.00,22/05/2015,365.00,R.K.TRANSPORT,5147329*1,DYED WORK,0
JAGRUTI,8.00,4480.00,22/05/2015,560.00,R.K.TRANSPORT,5147329*1,DYED WORK,0
GUNJAN,16.00,6560.00,22/05/2015,410.00,R.K.TRANSPORT,5147329*1,DYED WORK,0
NO. - WISE-SUBTOTAL,63.00,25275.00,22/05/2015,401.19,,,,0
3654,,,,,,,,0
KICK   ,20.00,5200.00,22/05/2015,260.00,R.K.TRANSPORT,5147437*1,PRINT WORK,0
ZAKASH,52.00,14456.00,22/05/2015,278.00,R.K.TRANSPORT,5147437*1,PRINT WORK,0
NO. - WISE-SUBTOTAL,72.00,19656.00,22/05/2015,273.00,,,,0
PARTY-SUBTOTAL,135.00,44931.00,22/05/2015,332.82,,,,0
BRIJLAL SURESH KUMAR,,,,,,,,0
3643,,,,,,,,0
KHUSHI,72.00,21960.00,22/05/2015,305.00,BALAJI GOLDEN,77679*1,PRINT WORK,0
NO. - WISE-SUBTOTAL,72.00,21960.00,22/05/2015,305.00,,,,0
3655,,,,,,,,0
KICK   ,20.00,5200.00,22/05/2015,260.00,BALAJI GOLDEN,77678*1,PRINT WORK,0
ZAKASH,53.00,14734.00,22/05/2015,278.00,BALAJI GOLDEN,77678*1,PRINT WORK,0
NO. - WISE-SUBTOTAL,73.00,19934.00,22/05/2015,273.07,,,,0
PARTY-SUBTOTAL,145.00,41894.00,22/05/2015,288.92,,,,0
DHAWAN EMPORIUM,,,,,,,,0
3656,,,,,,,,0
KICK   ,20.00,5200.00,22/05/2015,260.00,MATA TRANSPORT,5006537750*1,PRINT WORK,0
ZAKASH,53.00,14734.00,22/05/2015,278.00,MATA TRANSPORT,5006537750*1,PRINT WORK,0
NO. - WISE-SUBTOTAL,73.00,19934.00,22/05/2015,273.07,,,,0
PARTY-SUBTOTAL,73.00,19934.00,22/05/2015,273.07,,,,0
JALAN WHOLESALE BAZAR,,,,,,,,0
3605,,,,,,,,0
LOVE TRUE,64.00,35840.00,21/05/2015,560.00,NAVYUG,70074*6,DYED WORK,0
NO. - WISE-SUBTOTAL,64.00,35840.00,21/05/2015,560.00,,,,0
3606,,,,,,,,0
MERI GUNJAN,24.00,9840.00,21/05/2015,410.00,NAVYUG,70074*6.,DYED WORK,0
LOVE TRUE,16.00,8960.00,21/05/2015,560.00,NAVYUG,70074*6.,DYED WORK,0
GULDASTA CATLOG,16.00,5840.00,21/05/2015,365.00,NAVYUG,70074*6.,DYED WORK,0
LOVE MANTRA,8.00,5200.00,21/05/2015,650.00,NAVYUG,70074*6.,DYED WORK,0
NO. - WISE-SUBTOTAL,64.00,29840.00,21/05/2015,466.25,,,,0
3607,,,,,,,,0
MERI GUNJAN,24.00,9840.00,21/05/2015,410.00,NAVYUG,70074*6..,DYED WORK,0
LOVE TRUE,16.00,8960.00,21/05/2015,560.00,NAVYUG,70074*6..,DYED WORK,0
GULDASTA CATLOG,24.00,8760.00,21/05/2015,365.00,NAVYUG,70074*6..,DYED WORK,0
NO. - WISE-SUBTOTAL,64.00,27560.00,21/05/2015,430.63,,,,0
3615,,,,,,,,0
FLORENCE CATLOG,64.00,23360.00,21/05/2015,365.00,NAVYUG,.70074*6,DYED WORK,0
NO. - WISE-SUBTOTAL,64.00,23360.00,21/05/2015,365.00,,,,0
3616,,,,,,,,0
FLORENCE CATLOG,64.00,23360.00,21/05/2015,365.00,NAVYUG,70074*.6,DYED WORK,0
NO. - WISE-SUBTOTAL,64.00,23360.00,21/05/2015,365.00,,,,0
3617,,,,,,,,0
FLORENCE CATLOG,64.00,23360.00,21/05/2015,365.00,NAVYUG,70074*.6.,DYED WORK,0
NO. - WISE-SUBTOTAL,64.00,23360.00,21/05/2015,365.00,,,,0
3647,,,,,,,,0
KICK   ,20.00,5200.00,22/05/2015,260.00,NAVYUG,,PRINT WORK,0
ZAKASH,52.00,14456.00,22/05/2015,278.00,NAVYUG,,PRINT WORK,0
NO. - WISE-SUBTOTAL,72.00,19656.00,22/05/2015,273.00,,,,0
3648,,,,,,,,0
KICK   ,20.00,5200.00,22/05/2015,260.00,NAVYUG,,PRINT WORK,0
ZAKASH,52.00,14456.00,22/05/2015,278.00,NAVYUG,,PRINT WORK,0
NO. - WISE-SUBTOTAL,72.00,19656.00,22/05/2015,273.00,,,,0
3691,,,,,,,,0
GUNJAN,64.00,26240.00,23/05/2015,410.00,NAVYUG,,DYED WORK,0
NO. - WISE-SUBTOTAL,64.00,26240.00,23/05/2015,410.00,,,,0
3692,,,,,,,,0
GUNJAN,64.00,26240.00,23/05/2015,410.00,NAVYUG,,DYED WORK,0
NO. - WISE-SUBTOTAL,64.00,26240.00,23/05/2015,410.00,,,,0
3693,,,,,,,,0
GUNJAN,64.00,26240.00,23/05/2015,410.00,NAVYUG,,DYED WORK,0
NO. - WISE-SUBTOTAL,64.00,26240.00,23/05/2015,410.00,,,,0
3704,,,,,,,,0
NICE CELECTION,64.00,19520.00,23/05/2015,305.00,NAVYUG,,PRINT WORK,0
MAYAPURI,7.00,2135.00,23/05/2015,305.00,NAVYUG,,PRINT WORK,0
NO. - WISE-SUBTOTAL,71.00,21655.00,23/05/2015,305.00,,,,0
3705,,,,,,,,0
MAYAPURI,7.00,2135.00,23/05/2015,305.00,NAVYUG,,PRINT WORK,0
NICE CELECTION,62.00,18910.00,23/05/2015,305.00,NAVYUG,,PRINT WORK,0
KICK   ,3.00,780.00,23/05/2015,260.00,NAVYUG,,PRINT WORK,0
NO. - WISE-SUBTOTAL,72.00,21825.00,23/05/2015,303.13,,,,0
3706,,,,,,,,0
KICK   ,14.00,3640.00,23/05/2015,260.00,NAVYUG,,PRINT WORK+500 CARRY BAG IN PA,0
MAYAPURI,8.00,2440.00,23/05/2015,305.00,NAVYUG,,PRINT WORK+500 CARRY BAG IN PA,0
NICE CELECTION,50.00,15250.00,23/05/2015,305.00,NAVYUG,,PRINT WORK+500 CARRY BAG IN PA,0
NO. - WISE-SUBTOTAL,72.00,21330.00,23/05/2015,296.25,,,,0
3707,,,,,,,,0
KICK   ,27.00,7020.00,23/05/2015,260.00,NAVYUG,,PRINT WORK,0
MAYAPURI,4.00,1220.00,23/05/2015,305.00,NAVYUG,,PRINT WORK,0
NICE CELECTION,41.00,12505.00,23/05/2015,305.00,NAVYUG,,PRINT WORK,0
NO. - WISE-SUBTOTAL,72.00,20745.00,23/05/2015,288.13,,,,0
3729,,,,,,,,0
DIVINE CATLOG,72.00,42840.00,25/05/2015,595.00,NAVYUG,,,0
NO. - WISE-SUBTOTAL,72.00,42840.00,25/05/2015,595.00,,,,0
3763,,,,,,,,0
FLORENCE CATLOG,64.00,23360.00,25/05/2015,365.00,NAVYUG,,DYED WORK,0
NO. - WISE-SUBTOTAL,64.00,23360.00,25/05/2015,365.00,,,,0
3764,,,,,,,,0
FLORENCE CATLOG,64.00,23360.00,25/05/2015,365.00,NAVYUG,,DYED WORK,0
NO. - WISE-SUBTOTAL,64.00,23360.00,25/05/2015,365.00,,,,0
3765,,,,,,,,0
FLORENCE CATLOG,64.00,23360.00,25/05/2015,365.00,NAVYUG,,DYED WORK,0
NO. - WISE-SUBTOTAL,64.00,23360.00,25/05/2015,365.00,,,,0
3766,,,,,,,,0
FLORENCE CATLOG,65.00,23725.00,25/05/2015,365.00,NAVYUG,,DYED WORK,0
NO. - WISE-SUBTOTAL,65.00,23725.00,25/05/2015,365.00,,,,0
3767,,,,,,,,0
SUNNY,16.00,5840.00,25/05/2015,365.00,NAVYUG,,BAG PACK,0
BARBLE DOLL,16.00,7760.00,25/05/2015,485.00,NAVYUG,,BAG PACK,0
ANUSHKA,16.00,7120.00,25/05/2015,445.00,NAVYUG,,BAG PACK,0
DIPIKA,16.00,7920.00,25/05/2015,495.00,NAVYUG,,BAG PACK,0
NO. - WISE-SUBTOTAL,64.00,28640.00,25/05/2015,447.50,,,,0
3768,,,,,,,,0
SUNNY,15.00,5475.00,25/05/2015,365.00,NAVYUG,,BAG PACK,0
BARBLE DOLL,16.00,7760.00,25/05/2015,485.00,NAVYUG,,BAG PACK,0
ANUSHKA,16.00,7120.00,25/05/2015,445.00,NAVYUG,,BAG PACK,0
DIPIKA,16.00,7920.00,25/05/2015,495.00,NAVYUG,,BAG PACK,0
NO. - WISE-SUBTOTAL,63.00,28275.00,25/05/2015,448.81,,,,0
PARTY-SUBTOTAL,1463.00,560467.00,21/05/2015,383.09,,,,0
JAWAHARLAL JAGANNATH PRASAD,,,,,,,,0
3649,,,,,,,,0
KICK   ,20.00,5200.00,22/05/2015,260.00,CALCUTTA EXPRESS,14721*1,PRINT WORK,0
ZAKASH,52.00,14456.00,22/05/2015,278.00,CALCUTTA EXPRESS,14721*1,PRINT WORK,0
NO. - WISE-SUBTOTAL,72.00,19656.00,22/05/2015,273.00,,,,0
PARTY-SUBTOTAL,72.00,19656.00,22/05/2015,273.00,,,,0
M.R.& COMPANY,,,,,,,,0
3662,,,,,,,,0
GLORIOUS SILK,73.00,22265.00,23/05/2015,305.00,MATA TRANSPORT,5006538219*1,PRINT WORK,0
NO. - WISE-SUBTOTAL,73.00,22265.00,23/05/2015,305.00,,,,0
PARTY-SUBTOTAL,73.00,22265.00,23/05/2015,305.00,,,,0
M.R.SAREE EMPORIUM.,,,,,,,,0
3572,,,,,,,,0
DIVINE CATLOG,3.00,1785.00,20/05/2015,595.00,PETTY PACK OFF DEL,,,0
BABY DOLL CATLOG -4,23.00,11155.00,20/05/2015,485.00,PETTY PACK OFF DEL,,,0
BANTI BABLI 10,20.00,11200.00,20/05/2015,560.00,PETTY PACK OFF DEL,,,0
NO. - WISE-SUBTOTAL,46.00,24140.00,20/05/2015,524.78,,,,0
3769,,,,,,,,0
DULHAN RANI,14.00,5250.00,26/05/2015,375.00,PETTY PACK OFF DEL,,PRINT WORK+PRINT,0
ANUSHKA,24.00,10680.00,26/05/2015,445.00,PETTY PACK OFF DEL,,PRINT WORK+PRINT,0
DIPIKA,16.00,7920.00,26/05/2015,495.00,PETTY PACK OFF DEL,,PRINT WORK+PRINT,0
ON THE WAY,24.00,14280.00,26/05/2015,595.00,PETTY PACK OFF DEL,,PRINT WORK+PRINT,0
SUPER PARI,19.00,11875.00,26/05/2015,625.00,PETTY PACK OFF DEL,,PRINT WORK+PRINT,0
NO. - WISE-SUBTOTAL,97.00,50005.00,26/05/2015,515.52,,,,0
PARTY-SUBTOTAL,143.00,74145.00,20/05/2015,518.50,,,,0
MAHENDRA VASTRA BHANDAR,,,,,,,,0
3653,,,,,,,,0
KICK   ,20.00,5200.00,22/05/2015,260.00,NAGPUR GOODS,593994*1,PRINT WORK,0
ZAKASH,52.00,14456.00,22/05/2015,278.00,NAGPUR GOODS,593994*1,PRINT WORK,0
NO. - WISE-SUBTOTAL,72.00,19656.00,22/05/2015,273.00,,,,0
PARTY-SUBTOTAL,72.00,19656.00,22/05/2015,273.00,,,,0
MURLIDHARA SYNTHETICS,,,,,,,,0
3645,,,,,,,,0
SWEET MAISHA,5.00,4750.00,22/05/2015,950.00,NEW MALIK TRANSPORT,790966*1,DYED+CUT PASTE+BAG PACK,0
LOVELY TOUCH,8.00,4400.00,22/05/2015,550.00,NEW MALIK TRANSPORT,790966*1,DYED+CUT PASTE+BAG PACK,0
BUBBLE.,5.00,3975.00,22/05/2015,795.00,NEW MALIK TRANSPORT,790966*1,DYED+CUT PASTE+BAG PACK,0
KOHINOOR HIRA..,4.00,2780.00,22/05/2015,695.00,NEW MALIK TRANSPORT,790966*1,DYED+CUT PASTE+BAG PACK,0
NIRANJAN,8.00,3280.00,22/05/2015,410.00,NEW MALIK TRANSPORT,790966*1,DYED+CUT PASTE+BAG PACK,0
JALWA 2004,28.00,15680.00,22/05/2015,560.00,NEW MALIK TRANSPORT,790966*1,DYED+CUT PASTE+BAG PACK,0
BEST KHEL,6.00,4170.00,22/05/2015,695.00,NEW MALIK TRANSPORT,790966*1,DYED+CUT PASTE+BAG PACK,0
NO. - WISE-SUBTOTAL,64.00,39035.00,22/05/2015,609.92,,,,0
3646,,,,,,,,0
BUBBLE.,10.00,7950.00,22/05/2015,795.00,NEW MALIK TRANSPORT,790971*1,DYED+CUT PASTE+BAG PACK,0
LOVELY TOUCH,8.00,4400.00,22/05/2015,550.00,NEW MALIK TRANSPORT,790971*1,DYED+CUT PASTE+BAG PACK,0
SWEET MAISHA,10.00,9500.00,22/05/2015,950.00,NEW MALIK TRANSPORT,790971*1,DYED+CUT PASTE+BAG PACK,0
KOHINOOR HIRA..,7.00,4865.00,22/05/2015,695.00,NEW MALIK TRANSPORT,790971*1,DYED+CUT PASTE+BAG PACK,0
BEST KHEL,3.00,2085.00,22/05/2015,695.00,NEW MALIK TRANSPORT,790971*1,DYED+CUT PASTE+BAG PACK,0
NIRANJAN,8.00,3280.00,22/05/2015,410.00,NEW MALIK TRANSPORT,790971*1,DYED+CUT PASTE+BAG PACK,0
JALWA 2004,18.00,10080.00,22/05/2015,560.00,NEW MALIK TRANSPORT,790971*1,DYED+CUT PASTE+BAG PACK,0
NO. - WISE-SUBTOTAL,64.00,42160.00,22/05/2015,658.75,,,,0
3652,,,,,,,,0
KICK   ,20.00,5200.00,22/05/2015,260.00,NEW MALIK TRANSPORT,790973*1,PRINT WORK,0
ZAKASH,52.00,14456.00,22/05/2015,278.00,NEW MALIK TRANSPORT,790973*1,PRINT WORK,0
NO. - WISE-SUBTOTAL,72.00,19656.00,22/05/2015,273.00,,,,0
3710,,,,,,,,0
GLORIOUS SILK,56.00,17080.00,23/05/2015,305.00,NEW MALIK TRANSPORT,,PRINT WORK,0
SAHYATRI,8.00,2440.00,23/05/2015,305.00,NEW MALIK TRANSPORT,,PRINT WORK,0
KICK   ,8.00,2080.00,23/05/2015,260.00,NEW MALIK TRANSPORT,,PRINT WORK,0
NO. - WISE-SUBTOTAL,72.00,21600.00,23/05/2015,300.00,,,,0
3711,,,,,,,,0
KICK   ,34.00,8840.00,23/05/2015,260.00,NEW MALIK TRANSPORT,,PRINT WORK,0
GLORIOUS SILK,36.00,10980.00,23/05/2015,305.00,NEW MALIK TRANSPORT,,PRINT WORK,0
SAHYATRI,4.00,1220.00,23/05/2015,305.00,NEW MALIK TRANSPORT,,PRINT WORK,0
NO. - WISE-SUBTOTAL,74.00,21040.00,23/05/2015,284.32,,,,0
PARTY-SUBTOTAL,346.00,143491.00,22/05/2015,414.71,,,,0
N.D.TEXTILE PVT LTD,,,,,,,,0
3573,,,,,,,,0
AMANAT,8.00,3480.00,20/05/2015,435.00,NAGPUR GOODS ,593546*1,PRINT WORK,0
MUSKAN,4.00,1580.00,20/05/2015,395.00,NAGPUR GOODS ,593546*1,PRINT WORK,0
KHUSHI,23.00,7015.00,20/05/2015,305.00,NAGPUR GOODS ,593546*1,PRINT WORK,0
CHOICE OF INDIA,7.00,2520.00,20/05/2015,360.00,NAGPUR GOODS ,593546*1,PRINT WORK,0
SHABANA,4.00,1800.00,20/05/2015,450.00,NAGPUR GOODS ,593546*1,PRINT WORK,0
HOT KEYS,11.00,4510.00,20/05/2015,410.00,NAGPUR GOODS ,593546*1,PRINT WORK,0
GUDIYA RANI,8.00,2960.00,20/05/2015,370.00,NAGPUR GOODS ,593546*1,PRINT WORK,0
TANISHKA,4.00,1580.00,20/05/2015,395.00,NAGPUR GOODS ,593546*1,PRINT WORK,0
POUND,4.00,1260.00,20/05/2015,315.00,NAGPUR GOODS ,593546*1,PRINT WORK,0
NO. - WISE-SUBTOTAL,73.00,26705.00,20/05/2015,365.82,,,,0
3574,,,,,,,,0
AMANAT,8.00,3480.00,20/05/2015,435.00,NAGPUR GOODS ,593545*1,PRINT WORK,0
MUSKAN,4.00,1580.00,20/05/2015,395.00,NAGPUR GOODS ,593545*1,PRINT WORK,0
KHUSHI,26.00,7930.00,20/05/2015,305.00,NAGPUR GOODS ,593545*1,PRINT WORK,0
CHOICE OF INDIA,7.00,2520.00,20/05/2015,360.00,NAGPUR GOODS ,593545*1,PRINT WORK,0
SHABANA,4.00,1800.00,20/05/2015,450.00,NAGPUR GOODS ,593545*1,PRINT WORK,0
HOT KEYS,8.00,3280.00,20/05/2015,410.00,NAGPUR GOODS ,593545*1,PRINT WORK,0
GUDIYA RANI,8.00,2960.00,20/05/2015,370.00,NAGPUR GOODS ,593545*1,PRINT WORK,0
TANISHKA,4.00,1580.00,20/05/2015,395.00,NAGPUR GOODS ,593545*1,PRINT WORK,0
POUND,4.00,1260.00,20/05/2015,315.00,NAGPUR GOODS ,593545*1,PRINT WORK,0
NO. - WISE-SUBTOTAL,73.00,26390.00,20/05/2015,361.51,,,,0
3651,,,,,,,,0
KICK   ,22.00,5720.00,22/05/2015,260.00,NAGPUR GOODS ,593995*1,PRINT WORK,0
ZAKASH,52.00,14456.00,22/05/2015,278.00,NAGPUR GOODS ,593995*1,PRINT WORK,0
NO. - WISE-SUBTOTAL,74.00,20176.00,22/05/2015,272.65,,,,0
PARTY-SUBTOTAL,220.00,73271.00,20/05/2015,333.05,,,,0
OM VASTRALAYA,,,,,,,,0
3575,,,,,,,,0
MAXI SILK,16.00,8960.00,20/05/2015,560.00,R.K.TRANSPORT,7543846*1,DYED WORK,0
FLORENCE,16.00,5840.00,20/05/2015,365.00,R.K.TRANSPORT,7543846*1,DYED WORK,0
GEET GUNJAN,24.00,9840.00,20/05/2015,410.00,R.K.TRANSPORT,7543846*1,DYED WORK,0
FEVI STICK,5.00,3975.00,20/05/2015,795.00,R.K.TRANSPORT,7543846*1,DYED WORK,0
MAISHA RANI,4.00,3800.00,20/05/2015,950.00,R.K.TRANSPORT,7543846*1,DYED WORK,0
NO. - WISE-SUBTOTAL,65.00,32415.00,20/05/2015,498.69,,,,0
PARTY-SUBTOTAL,65.00,32415.00,20/05/2015,498.69,,,,0
RADHEYSHYAM AGRAWAL,,,,,,,,0
3658,,,,,,,,0
KICK   ,20.00,5200.00,22/05/2015,260.00,ANUP ROAD LINES,444030*1,PRINT WORK,0
ZAKASH,52.00,14456.00,22/05/2015,278.00,ANUP ROAD LINES,444030*1,PRINT WORK,0
NO. - WISE-SUBTOTAL,72.00,19656.00,22/05/2015,273.00,,,,0
PARTY-SUBTOTAL,72.00,19656.00,22/05/2015,273.00,,,,0
RAJARAM & SONS,,,,,,,,0
3578,,,,,,,,0
SUHAG RANI,8.00,2440.00,21/05/2015,305.00,MAA BHAGWATI,215620*1,PRINT WORK,0
KHUSHI SILK,22.00,6710.00,21/05/2015,305.00,MAA BHAGWATI,215620*1,PRINT WORK,0
MANTRA MANI,22.00,13420.00,21/05/2015,610.00,MAA BHAGWATI,215620*1,PRINT WORK,0
SILLY POINT,4.00,1580.00,21/05/2015,395.00,MAA BHAGWATI,215620*1,PRINT WORK,0
TOP ANGEL,4.00,2040.00,21/05/2015,510.00,MAA BHAGWATI,215620*1,PRINT WORK,0
BIRD NIGHT,4.00,2440.00,21/05/2015,610.00,MAA BHAGWATI,215620*1,PRINT WORK,0
LAL JHILL,4.00,1800.00,21/05/2015,450.00,MAA BHAGWATI,215620*1,PRINT WORK,0
PERFECT STYLE,4.00,1900.00,21/05/2015,475.00,MAA BHAGWATI,215620*1,PRINT WORK,0
NO. - WISE-SUBTOTAL,72.00,32330.00,21/05/2015,449.03,,,,0
3601,,,,,,,,0
MANTRA MANI,23.00,14030.00,21/05/2015,610.00,MAA BHAGWATI,215623*1,PRINT WORK,0
PERFECT STYLE,7.00,3325.00,21/05/2015,475.00,MAA BHAGWATI,215623*1,PRINT WORK,0
TOP ANGEL,3.00,1530.00,21/05/2015,510.00,MAA BHAGWATI,215623*1,PRINT WORK,0
JANAK ,8.00,2440.00,21/05/2015,305.00,MAA BHAGWATI,215623*1,PRINT WORK,0
JHUMI,8.00,3480.00,21/05/2015,435.00,MAA BHAGWATI,215623*1,PRINT WORK,0
CLASSIC INDIAN,8.00,2880.00,21/05/2015,360.00,MAA BHAGWATI,215623*1,PRINT WORK,0
SYNDRELLA,4.00,1880.00,21/05/2015,470.00,MAA BHAGWATI,215623*1,PRINT WORK,0
SINGAPUR SILK,8.00,2960.00,21/05/2015,370.00,MAA BHAGWATI,215623*1,PRINT WORK,0
SILLY POINT,4.00,1580.00,21/05/2015,395.00,MAA BHAGWATI,215623*1,PRINT WORK,0
NO. - WISE-SUBTOTAL,73.00,34105.00,21/05/2015,467.19,,,,0
3602,,,,,,,,0
KHUSHI SILK,22.00,6710.00,21/05/2015,305.00,MAA BHAGWATI,215622*1,PRINT WORK,0
JANAK ,8.00,2440.00,21/05/2015,305.00,MAA BHAGWATI,215622*1,PRINT WORK,0
SUHAG RANI,8.00,2440.00,21/05/2015,305.00,MAA BHAGWATI,215622*1,PRINT WORK,0
JHUMI,8.00,3480.00,21/05/2015,435.00,MAA BHAGWATI,215622*1,PRINT WORK,0
BIRD NIGHT,4.00,2440.00,21/05/2015,610.00,MAA BHAGWATI,215622*1,PRINT WORK,0
SYNDRELLA,4.00,1880.00,21/05/2015,470.00,MAA BHAGWATI,215622*1,PRINT WORK,0
CLASSIC INDIAN,8.00,2880.00,21/05/2015,360.00,MAA BHAGWATI,215622*1,PRINT WORK,0
LAL JHILL,4.00,1800.00,21/05/2015,450.00,MAA BHAGWATI,215622*1,PRINT WORK,0
SINGAPUR SILK,8.00,2960.00,21/05/2015,370.00,MAA BHAGWATI,215622*1,PRINT WORK,0
NO. - WISE-SUBTOTAL,74.00,27030.00,21/05/2015,365.27,,,,0
3603,,,,,,,,0
JANAK ,72.00,21960.00,21/05/2015,305.00,MAA BHAGWATI,215621*1,print work,0
NO. - WISE-SUBTOTAL,72.00,21960.00,21/05/2015,305.00,,,,0
3610,,,,,,,,0
FLORENCE,8.00,2920.00,21/05/2015,365.00,MAA BHAGWATI,215647*1,DYED WORK,0
BOOM-BOOM,5.00,3975.00,21/05/2015,795.00,MAA BHAGWATI,215647*1,DYED WORK,0
GUN GUJRAL,8.00,3280.00,21/05/2015,410.00,MAA BHAGWATI,215647*1,DYED WORK,0
TERI NAZAR,8.00,4760.00,21/05/2015,595.00,MAA BHAGWATI,215647*1,DYED WORK,0
NICE MAISHA,5.00,4750.00,21/05/2015,950.00,MAA BHAGWATI,215647*1,DYED WORK,0
RAAZ ROSE,4.00,3980.00,21/05/2015,995.00,MAA BHAGWATI,215647*1,DYED WORK,0
GOOD PUNCH,8.00,5200.00,21/05/2015,650.00,MAA BHAGWATI,215647*1,DYED WORK,0
HEMAVATI,8.00,4480.00,21/05/2015,560.00,MAA BHAGWATI,215647*1,DYED WORK,0
NO. - WISE-SUBTOTAL,54.00,33345.00,21/05/2015,617.50,,,,0
3611,,,,,,,,0
FLORENCE,8.00,2920.00,21/05/2015,365.00,MAA BHAGWATI,215646*1,DYED WORK,0
BOOM-BOOM,5.00,3975.00,21/05/2015,795.00,MAA BHAGWATI,215646*1,DYED WORK,0
GUN GUJRAL,8.00,3280.00,21/05/2015,410.00,MAA BHAGWATI,215646*1,DYED WORK,0
TERI NAZAR,8.00,4760.00,21/05/2015,595.00,MAA BHAGWATI,215646*1,DYED WORK,0
NICE MAISHA,5.00,4750.00,21/05/2015,950.00,MAA BHAGWATI,215646*1,DYED WORK,0
GOOD PUNCH,8.00,5200.00,21/05/2015,650.00,MAA BHAGWATI,215646*1,DYED WORK,0
HEMAVATI,8.00,4480.00,21/05/2015,560.00,MAA BHAGWATI,215646*1,DYED WORK,0
NO. - WISE-SUBTOTAL,50.00,29365.00,21/05/2015,587.30,,,,0
3663,,,,,,,,0
EK ZATKA,72.00,20016.00,23/05/2015,278.00,MAA BHAGWATI,215833*1,PRINT WORK,0
NO. - WISE-SUBTOTAL,72.00,20016.00,23/05/2015,278.00,,,,0
PARTY-SUBTOTAL,467.00,198151.00,21/05/2015,424.31,,,,0
RATANLAL ANAND KUMAR.,,,,,,,,0
3650,,,,,,,,0
KICK   ,20.00,5200.00,22/05/2015,260.00,RITCO TRANSPORT,12612926*1,PRINT WORK,0
ZAKASH,52.00,14456.00,22/05/2015,278.00,RITCO TRANSPORT,12612926*1,PRINT WORK,0
NO. - WISE-SUBTOTAL,72.00,19656.00,22/05/2015,273.00,,,,0
3660,,,,,,,,0
KHUSHI SILK,56.00,17080.00,22/05/2015,305.00,RITCO TRANSPORT,12612927*1,PRINT WORK,0
JHUMI,8.00,3480.00,22/05/2015,435.00,RITCO TRANSPORT,12612927*1,PRINT WORK,0
SUHAG RANI,8.00,2440.00,22/05/2015,305.00,RITCO TRANSPORT,12612927*1,PRINT WORK,0
NO. - WISE-SUBTOTAL,72.00,23000.00,22/05/2015,319.44,,,,0
3661,,,,,,,,0
KHUSHI SILK,64.00,19520.00,22/05/2015,305.00,RITCO TRANSPORT,12612922*1,PRINT WORK,0
SUHAG RANI,4.00,1220.00,22/05/2015,305.00,RITCO TRANSPORT,12612922*1,PRINT WORK,0
JHUMI,4.00,1740.00,22/05/2015,435.00,RITCO TRANSPORT,12612922*1,PRINT WORK,0
NO. - WISE-SUBTOTAL,72.00,22480.00,22/05/2015,312.22,,,,0
3694,,,,,,,,0
GUNJAN,64.00,26240.00,23/05/2015,410.00,RITCO TRANSPORT,12613037*1,DYED WORK,0
NO. - WISE-SUBTOTAL,64.00,26240.00,23/05/2015,410.00,,,,0
3695,,,,,,,,0
GUNJAN,64.00,26240.00,23/05/2015,410.00,RITCO TRANSPORT,12613036*1,DYED WORK,0
NO. - WISE-SUBTOTAL,64.00,26240.00,23/05/2015,410.00,,,,0
PARTY-SUBTOTAL,344.00,117616.00,22/05/2015,341.91,,,,0
SARDAR BUTTA SINGH & SONS,,,,,,,,0
3657,,,,,,,,0
KICK   ,20.00,5200.00,22/05/2015,260.00,N.B.T.LOGISTICS,60293*1,PRINT WORK,0
ZAKASH,53.00,14734.00,22/05/2015,278.00,N.B.T.LOGISTICS,60293*1,PRINT WORK,0
NO. - WISE-SUBTOTAL,73.00,19934.00,22/05/2015,273.07,,,,0
PARTY-SUBTOTAL,73.00,19934.00,22/05/2015,273.07,,,,0
SHIV SANCHI SAREES  PVT LTD,,,,,,,,0
3608,,,,,,,,0
BABY DOLL,32.00,15520.00,21/05/2015,485.00,GREEN CARRIERS.,10274897804*1,PRINT WORK [BAG PACK],0
SUNNY,32.00,11680.00,21/05/2015,365.00,GREEN CARRIERS.,10274897804*1,PRINT WORK [BAG PACK],0
NO. - WISE-SUBTOTAL,64.00,27200.00,21/05/2015,425.00,,,,0
3642,,,,,,,,0
STYLE MANTRA,24.00,14640.00,22/05/2015,610.00,GREEN CARRIERS.,10274897874*1,PRINT WORK[BAG PACK],0
NIGHT BIRD,48.00,29280.00,22/05/2015,610.00,GREEN CARRIERS.,10274897874*1,PRINT WORK[BAG PACK],0
NO. - WISE-SUBTOTAL,72.00,43920.00,22/05/2015,610.00,,,,0
PARTY-SUBTOTAL,136.00,71120.00,21/05/2015,522.94,,,,0
 GRAND TOTAL,4319.00,1636080.00,21/05/2015,378.81,,,,0
